INSERT INTO "Carga" VALUES('Silva do Oeste','Garcia',0,'A caminho',1,4,7);
INSERT INTO "Carga" VALUES('Camargo da Prata','Souza',0,'Preparando pedido',2,0,6);
INSERT INTO "Carga" VALUES('Porto de Marques','Ribeiro Verde',1,'Entregue',3,4,6);
INSERT INTO "Carga" VALUES('Moreira de Goiás','Lopes Paulista',0,'A caminho',4,4,9);
INSERT INTO "Carga" VALUES('Pimenta','das Neves das Pedras',0,'Preparando pedido',5,6,4);
INSERT INTO "Carga" VALUES('Silva de Azevedo','Guerra',0,'A caminho',6,1,7);
INSERT INTO "Carga" VALUES('Vieira','Leão',1,'Resumo',7,6,9);
INSERT INTO "Carga" VALUES('Teixeira de Vargas','Rodrigues de Abreu',1,'Entregue',8,2,2);
INSERT INTO "Carga" VALUES('Câmara','Marques da Praia',0,'A caminho',9,3,2);
INSERT INTO "Carga" VALUES('Pimenta','Leão de Jesus',1,'Entregue',10,6,5);
INSERT INTO "Carga_Produto" VALUES(1,45,5,0);
INSERT INTO "Carga_Produto" VALUES(2,14,7,8);
INSERT INTO "Carga_Produto" VALUES(3,32,8,5);
INSERT INTO "Carga_Produto" VALUES(4,47,6,9);
INSERT INTO "Carga_Produto" VALUES(5,38,1,7);
INSERT INTO "Carga_Produto" VALUES(6,37,4,4);
INSERT INTO "Carga_Produto" VALUES(7,20,1,2);
INSERT INTO "Carga_Produto" VALUES(8,19,2,4);
INSERT INTO "Carga_Produto" VALUES(9,16,2,7);
INSERT INTO "Carga_Produto" VALUES(10,38,2,1);
INSERT INTO "Cliente" VALUES('Maria Luísa Oliveira','619.784.520-20','Trecho de Fernandes, 869',1);
INSERT INTO "Cliente" VALUES('Davi Lucas Aparecida','846.519.072-02','Chácara Beatriz Pastor, 85',2);
INSERT INTO "Cliente" VALUES('Ana Beatriz Pimenta','463.801.957-93','Campo Porto, 88',3);
INSERT INTO "Cliente" VALUES('José Pedro Duarte','805.129.374-60','Avenida Ana Sophia Moraes, 805',4);
INSERT INTO "Cliente" VALUES('Dr. Bento da Costa','416.375.290-07','Rua João Oliveira, 56',5);
INSERT INTO "Cliente" VALUES('Maria Laura Mendonça','032.176.498-69','Alameda de Ribeiro, 7',6);
INSERT INTO "Cliente" VALUES('Fernanda Marques','987.351.420-14','Passarela Aylla Castro, 46',7);
INSERT INTO "Cliente" VALUES('Vicente Moraes','849.506.713-75','Fazenda Erick da Costa, 7',8);
INSERT INTO "Cliente" VALUES('Maria Júlia Cirino','217.964.380-22','Viaduto Macedo, 25',9);
INSERT INTO "Cliente" VALUES('Josué Martins','805.314.726-71','Recanto Léo Vieira, 44',10);
INSERT INTO "Motorista" VALUES('Dr. Pedro Lucas da Cruz','94861327040','396.724.018-50');
INSERT INTO "Motorista" VALUES('Srta. Emilly Gonçalves','57924803114','341.965.078-75');
INSERT INTO "Motorista" VALUES('Marina Novaes','73946518273','024.536.198-70');
INSERT INTO "Motorista" VALUES('Sophie Novaes','23910564860','016.754.382-26');
INSERT INTO "Motorista" VALUES('Dra. Gabriela Rodrigues','03274586153','210.976.348-50');
INSERT INTO "Motorista" VALUES('Theodoro Siqueira','58107632940','543.819.207-32');
INSERT INTO "Motorista" VALUES('Cauê da Paz','82179534060','412.835.907-60');
INSERT INTO "Motorista" VALUES('Otto Pinto','17542308653','967.480.521-49');
INSERT INTO "Motorista" VALUES('Laís Siqueira','70423695134','184.579.203-32');
INSERT INTO "Motorista" VALUES('Sophia Barbosa','31280597488','845.631.720-90');
INSERT INTO "Pedido" VALUES('2024-06-29','status',1,2);
INSERT INTO "Pedido" VALUES('2025-01-13','status',2,5);
INSERT INTO "Pedido" VALUES('2029-05-07','status',3,1);
INSERT INTO "Pedido" VALUES('2021-07-14','status',4,3);
INSERT INTO "Pedido" VALUES('2021-10-22','status',5,9);
INSERT INTO "Pedido" VALUES('2027-05-13','status',6,2);
INSERT INTO "Pedido" VALUES('2021-01-12','status',7,1);
INSERT INTO "Pedido" VALUES('2026-01-23','status',8,3);
INSERT INTO "Pedido" VALUES('2023-08-24','status',9,7);
INSERT INTO "Pedido" VALUES('2021-07-21','status',10,9);
INSERT INTO "Produto" VALUES('Ouro','da Paz',1);
INSERT INTO "Produto" VALUES('Milho','Carvalho Martins S.A.',2);
INSERT INTO "Produto" VALUES('Ouro','Azevedo',3);
INSERT INTO "Produto" VALUES('Sal','Melo Cunha Ltda.',4);
INSERT INTO "Produto" VALUES('Paládio','da Rocha Moreira - EI',5);
INSERT INTO "Produto" VALUES('Carvão','Pastor',6);
INSERT INTO "Produto" VALUES('Urânio','Sousa Rocha S/A',7);
INSERT INTO "Produto" VALUES('Enxofre','Araújo',8);
INSERT INTO "Produto" VALUES('Urânio','Abreu Ltda.',9);
INSERT INTO "Produto" VALUES('Carvão','Oliveira',10);
INSERT INTO "Rota" VALUES(1,'ST26S4EV33YN90770');
INSERT INTO "Rota" VALUES(2,'S0YYRHGN7W1HN7427');
INSERT INTO "Rota" VALUES(3,'VWPNCGHG0W1JU6557');
INSERT INTO "Rota" VALUES(4,'A9ALU0JN9VU479304');
INSERT INTO "Rota" VALUES(5,'TE97L86L4J5ZR6448');
INSERT INTO "Rota" VALUES(6,'HEVBDVM29P0E49124');
INSERT INTO "Rota" VALUES(7,'JF913DL79LVSC8208');
INSERT INTO "Rota" VALUES(8,'1PATE50A1YK0E4517');
INSERT INTO "Rota" VALUES(9,'P8989NA148ZF48130');
INSERT INTO "Rota" VALUES(10,'03T8816W1XWB74807');
INSERT INTO "Veiculo" VALUES('ST26S4EV33YN90770','396.724.018-50','HJH-4Z60');
INSERT INTO "Veiculo" VALUES('S0YYRHGN7W1HN7427','341.965.078-75','ECF-8C20');
INSERT INTO "Veiculo" VALUES('VWPNCGHG0W1JU6557','024.536.198-70','YMG-3T72');
INSERT INTO "Veiculo" VALUES('A9ALU0JN9VU479304','016.754.382-26','QOS-8X13');
INSERT INTO "Veiculo" VALUES('TE97L86L4J5ZR6448','210.976.348-50','NCE-2R51');
INSERT INTO "Veiculo" VALUES('HEVBDVM29P0E49124','543.819.207-32','BBI-1J88');
INSERT INTO "Veiculo" VALUES('JF913DL79LVSC8208','412.835.907-60','OML-0T40');
INSERT INTO "Veiculo" VALUES('1PATE50A1YK0E4517','967.480.521-49','EQX-4G91');
INSERT INTO "Veiculo" VALUES('P8989NA148ZF48130','184.579.203-32','IMU-8Q79');
INSERT INTO "Veiculo" VALUES('03T8816W1XWB74807','845.631.720-90','ERP-5G84');
